{"file_hashes":[{"block_hashes":["14R4+HRejrNZTibwzY9RP750t2w9OqzGs7rILzmHMnk=","wyuVLZM4Pplejx5lBlu2NADmcEAkf2xkpquRNf/dy38=","fCk5M6Bt2T8bxNShhpM162JMEwNRk80MFSuVQrw/bA4=","LQMvXjT/aPH3u3Lys1WoOtqT33Sm7vP+DFznHSMQDgg=","JHUnmxrIDNxyr7/2rS6hIxdupMfruxDD0241hSU2Li4=","Zcgf/y7st1DZK6dSnUZ6k5yUW4V++acfR5rm6selzlg=","g9c/U+PBOjCLqhXm+Be100bKvpB5f2UH6mgTKbJBy8I=","R/1R+BaA6Rfk2w7y2z1HgzqBL098k02SdLj/21LIWH4=","2QHGXG7dlt5F2e0/BKjVN+pK/xKW5rWKEe9hGyaeKMI=","QBtF+emZSRSRTI7Wx6Pas/aeVtytAuXak06RX1+ALyQ=","Fwy2GkPJkoEahAphMqCZG/JLjTeLhtJvMCtOuKOMZ9g=","VRaFLhVLrMR499kW4yQWAfv+4B4+8VIt0IxVmMnvgS0=","vgo7B0Qv6rlIlWFl2LNaL2cajklWcRny/CSmgI+1HM0=","s5V8Cqz8OGMzpn9Mk3nP1pYCZBZvkFfRjAYqcQ79XrQ=","SYkUyGptoDqodXbDzYlMtCvW/q+qLxlrRui+cmMTGgY=","C90r4k6yTOXbfkxDq3trTHgx34DwfDaz1DqUkfeoq98=","q0BTpdQcXjxtuTZOin1Yg004vNKU2i0DIGKo3SsT/7M=","FR8ePUkWI/0ZY1BcS6IRzgLGWdvzRT4wDXBeGcOY/rI=","tGpau0JMF867SPcU4w8zExG9xxf86rOEdpYnDxnINUE=","p5SXS3956e0CBvQYmTGOg2HhJ2aKhxk3Syqf7t4np7U="],"block_size":4096,"path":"images/icon-1024.png"},{"block_hashes":["d4FFlJe1wuxraE12ojclU8dNpAim8FkqXM1O+PXI8QY=","IJbw48YnZzHycl2hCIum2P52fJiIUZqPSIgGBX46wCI="],"block_size":4096,"path":"images/icon-128.png"},{"block_hashes":["oE2hm/zbxccjL8hrmsV9XMTABM0fmyr1kSWBj+bAAOM="],"block_size":4096,"path":"images/icon-16-off.png"},{"block_hashes":["eINZoGjgN1S3c+SSSMvEl2tq7WDhQM6NcPDYfDrvlKo="],"block_size":4096,"path":"images/icon-16.png"},{"block_hashes":["g9MmK7YEzM3JyOP5lQivS05QzYjYBPVqL7wb3rHGXDg="],"block_size":4096,"path":"images/icon-38.png"},{"block_hashes":["3zMjh6vj4chqK6wYXUBPD34x3DMeHejMM536+f56WTM="],"block_size":4096,"path":"images/loader_lg.svg"},{"block_hashes":["p19ZD4YgS6nV5f1JQF7lGAJylsJU9cw1SAptTQZhxlQ="],"block_size":4096,"path":"images/loading.svg"},{"block_hashes":["LJkGtLvjcxgF0zUTTaJW0ejGjAgP14CSAyqZz4Y4yas=","j9rYg/QuixLuVHW281Rwr3TtIn/twiNbNcMhHMpsvTY=","pCiDs8/ytQRefSF/AiYcwqNUL6xw3qG244opQhEAMm0=","Xn+0o2rJoge7YXaJH8EAp+dd9B2dzCvj+ga6p2Ybmu4=","OEFs0g/1z6vCL94KtOfa61azCdevZIAn3/6+6/We2EI=","+aJhgyGJTGflX4vOY/HjUVU1pfBlPkUxPHQK89ymgHw=","jZI/4DDY8EnEGXJOLBbo7bA63eb4blREyGZCg6lwc3I=","48pFvclcB3UctEpjMY4CySyvhRfutnXZpqmKTjtO2i4=","z9EoDSL5HUeKJ5+SumAgwnfF64FzfTBpXKWUAGUR0RM=","PaaMJ76XjLFEpEv8k3CjjbmwsTTG8vyWeo4hSDHdw9s=","aFM0MnulaOaOTthKUBXcMlKp51Il8d1eWYKYbegH7II=","2xVCJqZB+Zkboh+qff4LG38SgDwOBemqX21Ni+sGxfA=","FgHYJvsFAQHfVx2Ccu61W1MdOIgSuJbYU8YuyNyITa8=","Le5w8I6EFmxz3wKLsbju+lIZZ/iI7O+tmJNXYi+3B7w=","Ce1cZdd/ImxMZUr3hnqJoNYE9RhZpIAIf36fgUdmXJ4=","ZFdZJCBGLXunOAag9Pw1GWyGbdhkUSSz3n1lbnCqfqA=","arG17w4tSzFrIoLQ+NnsoYWyLywdaYbC6GCt09lkqx0=","KznBBXZKY5pTAmRK8P3oUQr+eNKEJFn9bv9oxjYbIVE=","qOk0krTw6a8HMuDwDO1juXtErtw3NihuZqA4U9sL6dw=","GuFQwVK7H0G0EPofRgCsCc/wR2Kr9oqWltxSttqnKW4=","rNsHkY++wIYDsCJEWNjObXE80yNtSQfMxNm66pXEDTs=","MAXtnrtF5UFxbHPhMDmuOAfxvKtg1Gyh6nyoATAzopQ=","AWA/yNT3gxMt1FmwDbvv3osutbsyWsNCCGIIR1j9EkQ=","pwqiiozhNhMluwPwvA5C2HinAPX7jNKA9/qKODgTC8U="],"block_size":4096,"path":"scripts/background.js"},{"block_hashes":["9M5WxTolbhWKKEuIsKled8FbPfEnVzHFZaTuyH73+6o=","0afi6SLzX3q1oepRXS8OTlKp4f2PQwKDIF32XfW2Qa0="],"block_size":4096,"path":"scripts/contentscript.js"},{"block_hashes":["bkUzw7dESq+kqITagrkSJ/NukDXCqKN2DgmMWhctScg="],"block_size":4096,"path":"scripts/contentstart.js"},{"block_hashes":["LJkGtLvjcxgF0zUTTaJW0ejGjAgP14CSAyqZz4Y4yas=","j9rYg/QuixLuVHW281Rwr3TtIn/twiNbNcMhHMpsvTY=","pCiDs8/ytQRefSF/AiYcwqNUL6xw3qG244opQhEAMm0=","Xn+0o2rJoge7YXaJH8EAp+dd9B2dzCvj+ga6p2Ybmu4=","OEFs0g/1z6vCL94KtOfa61azCdevZIAn3/6+6/We2EI=","+aJhgyGJTGflX4vOY/HjUVU1pfBlPkUxPHQK89ymgHw=","jZI/4DDY8EnEGXJOLBbo7bA63eb4blREyGZCg6lwc3I=","48pFvclcB3UctEpjMY4CySyvhRfutnXZpqmKTjtO2i4=","z9EoDSL5HUeKJ5+SumAgwnfF64FzfTBpXKWUAGUR0RM=","PaaMJ76XjLFEpEv8k3CjjbmwsTTG8vyWeo4hSDHdw9s=","aFM0MnulaOaOTthKUBXcMlKp51Il8d1eWYKYbegH7II=","2xVCJqZB+Zkboh+qff4LG38SgDwOBemqX21Ni+sGxfA=","FgHYJvsFAQHfVx2Ccu61W1MdOIgSuJbYU8YuyNyITa8=","Le5w8I6EFmxz3wKLsbju+lIZZ/iI7O+tmJNXYi+3B7w=","Ce1cZdd/ImxMZUr3hnqJoNYE9RhZpIAIf36fgUdmXJ4=","ZFdZJCBGLXunOAag9Pw1GWyGbdhkUSSz3n1lbnCqfqA=","arG17w4tSzFrIoLQ+NnsoYWyLywdaYbC6GCt09lkqx0=","KznBBXZKY5pTAmRK8P3oUQr+eNKEJFn9bv9oxjYbIVE=","qOk0krTw6a8HMuDwDO1juXtErtw3NihuZqA4U9sL6dw=","GuFQwVK7H0G0EPofRgCsCc/wR2Kr9oqWltxSttqnKW4=","rNsHkY++wIYDsCJEWNjObXE80yNtSQfMxNm66pXEDTs=","TpGwZkRAZ1KrPy+Ueq6bWMSmrloq16ktW96zJjqo+Qg="],"block_size":4096,"path":"scripts/jquery.min.js"}],"version":2}